score,score_dealer,hard,decision,earn,earn_if_stand,earn_if_double,earn_if_hit,should_split
20,11,TRUE,stand,0.105197120007505,0.105197120007505,-1.75271465090645,-0.876357325453224,FALSE
20,10,TRUE,stand,0.436741686281078,0.436741686281078,-1.70908962684133,-0.854544813420665,FALSE
20,9,TRUE,stand,0.759325450305282,0.759325450305282,-1.70116370369502,-0.850581851847512,FALSE
20,8,TRUE,stand,0.793191749283466,0.793191749283466,-1.70297890335009,-0.851489451675046,FALSE
20,7,TRUE,stand,0.773225870786846,0.773225870786846,-1.70001994392238,-0.850009971961191,TRUE
20,6,TRUE,stand,0.676074578802446,0.676074578802446,-1.70245484668876,-0.851227423344379,TRUE
20,5,TRUE,stand,0.669858318906123,0.669858318906123,-1.7035414384812,-0.851770719240599,TRUE
20,4,TRUE,stand,0.654962815482813,0.654962815482813,-1.70802834221467,-0.854014171107337,TRUE
20,3,TRUE,stand,0.647613600550932,0.647613600550932,-1.70121275080831,-0.850606375404153,TRUE
20,2,TRUE,stand,0.634816247582205,0.634816247582205,-1.71124787527109,-0.855623937635543,TRUE
19,11,TRUE,stand,-0.180138082687923,-0.180138082687923,-1.59263990169289,-0.794313129310158,
19,10,TRUE,stand,-0.0168778238671339,-0.0168778238671339,-1.48785561112206,-0.744246142166867,
19,9,TRUE,stand,0.283288926436184,0.283288926436184,-1.4287106836496,-0.714795825378625,
19,8,TRUE,stand,0.598802395209581,0.598802395209581,-1.42617989826798,-0.713894647739683,
19,7,TRUE,stand,0.616228211230463,0.616228211230463,-1.4271242040265,-0.713709802107375,
19,6,TRUE,stand,0.453042861289386,0.453042861289386,-1.44202921920857,-0.71983989401996,
19,5,TRUE,stand,0.439735783846638,0.439735783846638,-1.44773009900031,-0.724085520508737,
19,4,TRUE,stand,0.412577502214349,0.412577502214349,-1.45325710604719,-0.727144211360259,
19,3,TRUE,stand,0.399769751043316,0.399769751043316,-1.45306279080923,-0.725954818192392,
19,2,TRUE,stand,0.377192273498747,0.377192273498747,-1.46690374201891,-0.733873829285424,
18,11,TRUE,stand,-0.467149396587599,-0.467149396587599,-1.45261756138161,-0.728442042023449,FALSE
18,10,TRUE,stand,-0.237568969572915,-0.237568969572915,-1.33621660882233,-0.669097822330155,FALSE
18,9,TRUE,stand,-0.176510410646765,-0.176510410646765,-1.23240262206298,-0.616866262984495,TRUE
18,8,TRUE,stand,0.110395416611472,0.110395416611472,-1.17889786726719,-0.591086527028488,TRUE
18,7,TRUE,stand,0.404050574409085,0.404050574409085,-1.17836392446851,-0.587498655867821,FALSE
18,6,TRUE,stand,0.224858514693022,0.224858514693022,-1.2232910389889,-0.611639697094178,TRUE
18,5,TRUE,stand,0.195553691275168,0.195553691275168,-1.22614093959732,-0.612111167905207,TRUE
18,4,TRUE,stand,0.168619468440737,0.168619468440737,-1.24251150167147,-0.622661669199273,TRUE
18,3,TRUE,stand,0.137123195205874,0.137123195205874,-1.23112889152302,-0.617796319684033,TRUE
18,2,TRUE,stand,0.112328721286243,0.112328721286243,-1.25415335195998,-0.626289882136797,TRUE
17,11,TRUE,stand,-0.658921681445881,-0.658921681445881,-1.37879916063088,-0.688076393245205,
17,10,TRUE,stand,-0.461552759870561,-0.461552759870561,-1.21783248984006,-0.609689348289145,
17,9,TRUE,stand,-0.419144981412639,-0.419144981412639,-1.10003379520108,-0.548310031319987,
17,8,TRUE,stand,-0.379599086526262,-0.379599086526262,-1.01223039837605,-0.505816377074093,
17,7,TRUE,stand,-0.10038130255677,-0.10038130255677,-0.97695162223811,-0.488766111474218,
17,6,TRUE,stand,-0.000451807228915663,-0.000451807228915663,-1.03169344042838,-0.516671279929342,
17,5,TRUE,stand,-0.0411397226877952,-0.0411397226877952,-1.04721756649229,-0.522406324052236,
17,4,TRUE,stand,-0.0746786197564276,-0.0746786197564276,-1.05943843031123,-0.531746209029469,
17,3,TRUE,stand,-0.123183647353976,-0.123183647353976,-1.07245205502517,-0.533974595363106,
17,2,TRUE,stand,-0.160265464136816,-0.160265464136816,-1.08241300093593,-0.541443050257003,
16,11,TRUE,hit,-0.659710817209557,-0.720323897944225,-1.31984921992252,-0.659710817209557,FALSE
16,10,TRUE,hit,-0.568491460381685,-0.57747095441134,-1.13859583074323,-0.568491460381685,FALSE
16,9,TRUE,hit,-0.50904642754785,-0.545961728974399,-1.01930931400664,-0.50904642754785,TRUE
16,8,TRUE,hit,-0.457637702129861,-0.512236168571629,-0.915573942921254,-0.457637702129861,TRUE
16,7,TRUE,hit,-0.403166822128829,-0.471942946599409,-0.804139850408767,-0.403166822128829,TRUE
16,6,TRUE,stand,-0.112383653931389,-0.112383653931389,-0.872901338533818,-0.438850243018198,TRUE
16,5,TRUE,stand,-0.155178755977509,-0.155178755977509,-0.90788067753858,-0.453372557533956,TRUE
16,4,TRUE,stand,-0.203276350799089,-0.203276350799089,-0.907222231883554,-0.454297439765216,TRUE
16,3,TRUE,stand,-0.253037078770379,-0.253037078770379,-0.937709074263178,-0.469867263781568,TRUE
16,2,TRUE,stand,-0.284845973200718,-0.284845973200718,-0.956865589169775,-0.478134106694862,TRUE
15,11,TRUE,hit,-0.635749173767663,-0.72044593648457,-1.28186991723965,-0.635749173767663,
15,10,TRUE,hit,-0.533571286866367,-0.573865721471855,-1.06969021598059,-0.533571286866367,
15,9,TRUE,hit,-0.471321025153877,-0.536590631071454,-0.939519320716702,-0.471321025153877,
15,8,TRUE,hit,-0.415408609059702,-0.506725647738557,-0.837808070777286,-0.415408609059702,
15,7,TRUE,hit,-0.370413389783205,-0.477029261629161,-0.745740168236394,-0.370413389783205,
15,6,TRUE,stand,-0.116595289079229,-0.116595289079229,-0.748144182726624,-0.379122764362935,
15,5,TRUE,stand,-0.163162581090658,-0.163162581090658,-0.771964892515128,-0.388288442229427,
15,4,TRUE,stand,-0.193865470852018,-0.193865470852018,-0.788591928251121,-0.39531720472275,
15,3,TRUE,stand,-0.241471234554559,-0.241471234554559,-0.816311826794913,-0.410935838230678,
15,2,TRUE,stand,-0.290591983297036,-0.290591983297036,-0.846523515542036,-0.420826021120867,
14,11,TRUE,hit,-0.604727376965988,-0.717914338919926,-1.23538175046555,-0.604727376965988,FALSE
14,10,TRUE,hit,-0.498880676827078,-0.574936211151546,-1.00940217416563,-0.498880676827078,FALSE
14,9,TRUE,hit,-0.42417738098665,-0.53612251692376,-0.862945289091111,-0.42417738098665,FALSE
14,8,TRUE,hit,-0.367251383707886,-0.505952270405794,-0.759030550654657,-0.367251383707886,FALSE
14,7,TRUE,hit,-0.317601190005565,-0.469698671158525,-0.653864869923264,-0.317601190005565,TRUE
14,6,TRUE,stand,-0.112584253018295,-0.112584253018295,-0.613213836012147,-0.308470890669664,TRUE
14,5,TRUE,stand,-0.157060033663737,-0.157060033663737,-0.643164391247428,-0.323868806408808,TRUE
14,4,TRUE,stand,-0.19860079687237,-0.19860079687237,-0.679399165715782,-0.336094356345442,TRUE
14,3,TRUE,stand,-0.247829562566229,-0.247829562566229,-0.702050528898886,-0.352116939130052,TRUE
14,2,TRUE,stand,-0.287975572747879,-0.287975572747879,-0.734428563400333,-0.361984509342549,TRUE
13,11,TRUE,hit,-0.578492263878174,-0.714648505136789,-1.18923390665281,-0.578492263878174,
13,10,TRUE,hit,-0.459242720168674,-0.573644968941721,-0.939108546051435,-0.459242720168674,
13,9,TRUE,hit,-0.377786378857571,-0.539230769230769,-0.786807692307692,-0.377786378857571,
13,8,TRUE,hit,-0.31895350832904,-0.495311659365153,-0.67181615556068,-0.31895350832904,
13,7,TRUE,hit,-0.268318905884291,-0.464242424242424,-0.578624338624339,-0.268318905884291,
13,6,TRUE,stand,-0.115375749193177,-0.115375749193177,-0.479944674965422,-0.240097186213926,
13,5,TRUE,stand,-0.159658685979544,-0.159658685979544,-0.512587399117823,-0.259579944250004,
13,4,TRUE,stand,-0.205084097859327,-0.205084097859327,-0.57782874617737,-0.284692842978716,
13,3,TRUE,stand,-0.241487264716113,-0.241487264716113,-0.582344529045723,-0.292103949800442,
13,2,TRUE,stand,-0.289946036970416,-0.289946036970416,-0.630448926480156,-0.313252713511579,
12,11,TRUE,hit,-0.544575762103878,-0.718701947079381,-1.14835746380429,-0.544575762103878,FALSE
12,10,TRUE,hit,-0.417237528719141,-0.575505838131798,-0.874600127959053,-0.417237528719141,FALSE
12,9,TRUE,hit,-0.342805739032137,-0.543500715080248,-0.747060225647545,-0.342805739032137,FALSE
12,8,TRUE,hit,-0.274155273105518,-0.513868847202181,-0.627505210838544,-0.274155273105518,FALSE
12,7,TRUE,hit,-0.207961949190148,-0.472670869608726,-0.500150105073552,-0.207961949190148,FALSE
12,6,TRUE,stand,-0.111501976284585,-0.111501976284585,-0.345296442687747,-0.176383949309962,TRUE
12,5,TRUE,stand,-0.158342530350156,-0.158342530350156,-0.375559345841276,-0.189091740778256,TRUE
12,4,TRUE,stand,-0.205385196675019,-0.205385196675019,-0.425287356321839,-0.21238411212416,TRUE
12,3,TRUE,hit,-0.230733547500927,-0.251223491027732,-0.463653364102972,-0.230733547500927,TRUE
12,2,TRUE,hit,-0.25395766002198,-0.29193197388571,-0.513097444990731,-0.25395766002198,TRUE
11,11,TRUE,hit,-0.123083595337728,-0.722567457072772,-0.33630417007359,-0.123083595337728,
11,10,TRUE,double,0.060978876867594,-0.572509015971149,0.060978876867594,0.0586413298361877,
11,9,TRUE,double,0.223400289915096,-0.546904120936012,0.223400289915096,0.163300087560571,
11,8,TRUE,double,0.354942871336314,-0.505547276039079,0.354942871336314,0.232356494114266,
11,7,TRUE,double,0.47423533794131,-0.468647820868342,0.47423533794131,0.296135063527871,
11,6,TRUE,double,0.677163391633085,-0.118275102820822,0.677163391633085,0.338143514331649,
11,5,TRUE,double,0.630568997163357,-0.15860170198565,0.630568997163357,0.313015860375305,
11,4,TRUE,double,0.563775615814531,-0.2096874353136,0.563775615814531,0.285431161178337,
11,3,TRUE,double,0.498001895109793,-0.251349235776377,0.498001895109793,0.255918411095607,
11,2,TRUE,double,0.468818630091576,-0.296813491899059,0.468818630091576,0.241297724556987,
10,11,TRUE,hit,-0.256651857978163,-0.714072136049337,-0.589796299757055,-0.256651857978163,FALSE
10,10,TRUE,hit,-0.042808780720289,-0.576842572838077,-0.149169151248797,-0.042808780720289,FALSE
10,9,TRUE,double,0.147590361445783,-0.531787865748709,0.147590361445783,0.111523805964015,FALSE
10,8,TRUE,double,0.286202315429873,-0.516416777377112,0.286202315429873,0.202879140595598,FALSE
10,7,TRUE,double,0.393432884184376,-0.471660410984797,0.393432884184376,0.258800123341604,FALSE
10,6,TRUE,double,0.577373281786942,-0.107227233676976,0.577373281786942,0.287335119020447,FALSE
10,5,TRUE,double,0.523540489642185,-0.158837772397094,0.523540489642185,0.2605981710794,FALSE
10,4,TRUE,double,0.451518596719181,-0.21157490119647,0.451518596719181,0.232180084840844,FALSE
10,3,TRUE,double,0.40505165233382,-0.248526150684191,0.40505165233382,0.204353005625114,FALSE
10,2,TRUE,double,0.363901333189399,-0.294003346467318,0.363901333189399,0.185254626732488,FALSE
21,11,FALSE,stand,0.628681710213777,0.628681710213777,-2,-1,
21,10,FALSE,stand,0.890036108412245,0.890036108412245,-2,-1,
21,9,FALSE,stand,0.940147754819347,0.940147754819347,-2,-1,
21,8,FALSE,stand,0.932271835698627,0.932271835698627,-2,-1,
21,7,FALSE,stand,0.927973391443973,0.927973391443973,-2,-1,
21,6,FALSE,stand,0.891817713991652,0.891817713991652,-2,-1,
21,5,FALSE,stand,0.893217893217893,0.893217893217893,-2,-1,
21,4,FALSE,stand,0.888070013818517,0.888070013818517,-2,-1,
21,3,FALSE,stand,0.882713196209845,0.882713196209845,-2,-1,
21,2,FALSE,stand,0.877275598690634,0.877275598690634,-2,-1,
20,11,FALSE,stand,0.0913149350649351,0.0913149350649351,-0.594155844155844,-0.246436739857166,
20,10,FALSE,stand,0.435551646633441,0.435551646633441,-0.154060392846673,-0.0457498214111442,
20,9,FALSE,stand,0.767414169478071,0.767414169478071,0.169874975193491,0.111973953753749,
20,8,FALSE,stand,0.793604080831862,0.793604080831862,0.277418089072003,0.192687729479177,
20,7,FALSE,stand,0.76408767891102,0.76408767891102,0.366329696727054,0.255122354381559,
20,6,FALSE,stand,0.690522243713733,0.690522243713733,0.595164410058027,0.286072015254744,
20,5,FALSE,stand,0.672185754874106,0.672185754874106,0.528656804154012,0.259758046671142,
20,4,FALSE,stand,0.663982717989002,0.663982717989002,0.479575805184603,0.229474152029028,
20,3,FALSE,stand,0.640657084188912,0.640657084188912,0.425931358169551,0.20523071163999,
20,2,FALSE,stand,0.621690278456278,0.621690278456278,0.315388373229116,0.173089700589003,
19,11,FALSE,stand,-0.196464309539693,-0.196464309539693,-0.750722704024906,-0.322444020160765,
19,10,FALSE,stand,-0.0138096507597974,-0.0138096507597974,-0.357291388962943,-0.149872219558753,
19,9,FALSE,stand,0.276443590564628,0.276443590564628,-0.0858149215497919,0.00502111552201928,
19,8,FALSE,stand,0.607990420204659,0.607990420204659,0.209666884389288,0.150554874074855,
19,7,FALSE,stand,0.609013531209079,0.609013531209079,0.313182016586643,0.216596306096764,
19,6,FALSE,double,0.462657403386887,0.453647416413374,0.462657403386887,0.229448292105184,
19,5,FALSE,stand,0.446399478657543,0.446399478657543,0.42098403388726,0.20386587855485,
19,4,FALSE,stand,0.417951240843993,0.417951240843993,0.372143872307861,0.177412888709374,
19,3,FALSE,stand,0.403803626713844,0.403803626713844,0.308491817779744,0.147971916733052,
19,2,FALSE,stand,0.380760869565217,0.380760869565217,0.251739130434783,0.122482286850927,
18,11,FALSE,hit,-0.386329670607987,-0.458138963908667,-0.850724281856126,-0.386329670607987,
18,10,FALSE,hit,-0.199249601262455,-0.23801139924204,-0.458237593625974,-0.199249601262455,
18,9,FALSE,hit,-0.103641669980271,-0.166037290535756,-0.286287467547793,-0.103641669980271,
18,8,FALSE,stand,0.126880701338704,0.126880701338704,-0.00450183627532285,0.0420575126525245,
18,7,FALSE,stand,0.394666988416988,0.394666988416988,0.212837837837838,0.174622334610438,
18,6,FALSE,double,0.39622418879056,0.23882005899705,0.39622418879056,0.18489463135762,
18,5,FALSE,double,0.281791907514451,0.198819845857418,0.281791907514451,0.147606441820372,
18,4,FALSE,double,0.197128724816021,0.150681626251659,0.197128724816021,0.11855302533438,
18,3,FALSE,double,0.15121598844209,0.12617385022875,0.15121598844209,0.0868303828173223,
18,2,FALSE,double,0.117294315183497,0.105181098584793,0.117294315183497,0.0616895736847613,
17,11,FALSE,hit,-0.433747406464015,-0.672442019099591,-0.988267394270123,-0.433747406464015,
17,10,FALSE,hit,-0.245928788513078,-0.469726659802717,-0.565213059218174,-0.245928788513078,
17,9,FALSE,hit,-0.144989225624438,-0.415032679738562,-0.385359477124183,-0.144989225624438,
17,8,FALSE,hit,-0.0655146241330659,-0.375480399692544,-0.240327952856777,-0.0655146241330659,
17,7,FALSE,hit,0.0616295679162479,-0.0898593044863286,0.0188478895672949,0.0616295679162479,
17,6,FALSE,double,0.236249345206915,-0.0116553169198533,0.236249345206915,0.1398508669981,
17,5,FALSE,double,0.207362288135593,-0.0360169491525424,0.207362288135593,0.101578628582345,
17,4,FALSE,double,0.110643889618922,-0.0725361366622865,0.110643889618922,0.0603957071501515,
17,3,FALSE,double,0.0795302908993862,-0.105017347211102,0.0795302908993862,0.0301521249283585,
17,2,FALSE,double,0.0100635593220339,-0.154528601694915,0.0100635593220339,0.000437720761894242,
16,11,FALSE,hit,-0.420063558082284,-0.722027705891308,-1.00715481808494,-0.420063558082284,
16,10,FALSE,hit,-0.257888965654772,-0.57126185266229,-0.618380743982495,-0.257888965654772,
16,9,FALSE,hit,-0.15163779893928,-0.528157856834222,-0.42920927552931,-0.15163779893928,
16,8,FALSE,hit,-0.0642558220563342,-0.487832808474091,-0.281706269682222,-0.0642558220563342,
16,7,FALSE,hit,-0.00214213005765051,-0.474090571640683,-0.163919821826281,-0.00214213005765051,
16,6,FALSE,double,0.222157006603081,-0.1002201027146,0.222157006603081,0.128772184740267,
16,5,FALSE,double,0.135393003180373,-0.162199000454339,0.135393003180373,0.100575453172762,
16,4,FALSE,double,0.0672342924251321,-0.18761009982384,0.0672342924251321,0.037809329489557,
16,3,FALSE,hit,0.0111852387162662,-0.250645253799828,-0.0143389733295096,0.0111852387162662,
16,2,FALSE,hit,-0.0204628199885703,-0.287534788340413,-0.0697231580489234,-0.0204628199885703,
15,11,FALSE,hit,-0.380863006850374,-0.738981306808438,-0.996741553764363,-0.380863006850374,
15,10,FALSE,hit,-0.224825914922772,-0.567208628461043,-0.60230199613651,-0.224825914922772,
15,9,FALSE,hit,-0.105312311974015,-0.534595196437092,-0.418641641482424,-0.105312311974015,
15,8,FALSE,hit,-0.0330815051762431,-0.499026606099935,-0.332576249188838,-0.0330815051762431,
15,7,FALSE,hit,0.0415880450687757,-0.472258064516129,-0.17258064516129,0.0415880450687757,
15,6,FALSE,double,0.218911917098446,-0.0981217616580311,0.218911917098446,0.15726248467195,
15,5,FALSE,double,0.152277585923368,-0.142575234336458,0.152277585923368,0.120096121574717,
15,4,FALSE,double,0.0826907301066448,-0.179327317473339,0.0826907301066448,0.0640200343706106,
15,3,FALSE,hit,0.0406820096627711,-0.23395378690629,0.0150834403080873,0.0406820096627711,
15,2,FALSE,hit,0.00135697910666717,-0.276274799147401,-0.0632890637809477,0.00135697910666717,
14,11,FALSE,hit,-0.350697026355987,-0.724022346368715,-0.959404096834264,-0.350697026355987,
14,10,FALSE,hit,-0.190389493007325,-0.567102669772442,-0.592098190288479,-0.190389493007325,
14,9,FALSE,hit,-0.0656499901469375,-0.520442778075344,-0.398143188716301,-0.0656499901469375,
14,8,FALSE,hit,0.0211328908506661,-0.511310592459605,-0.313824057450628,0.0211328908506661,
14,7,FALSE,hit,0.084046824609644,-0.480547166459407,-0.168413572570616,0.084046824609644,
14,6,FALSE,double,0.199276672694394,-0.118264014466546,0.199276672694394,0.182804535010476,
14,5,FALSE,double,0.155495978552279,-0.151742627345845,0.155495978552279,0.144788433731793,
14,4,FALSE,hit,0.0963317403078266,-0.207573880729075,0.0509644310741462,0.0963317403078266,
14,3,FALSE,hit,0.0499254069144182,-0.248125937031484,-0.0423538230884558,0.0499254069144182,
14,2,FALSE,hit,0.0257219568409478,-0.294566600036344,-0.0875885880428857,0.0257219568409478,
13,11,FALSE,hit,-0.325922575802243,-0.735106998264893,-0.996336996336996,-0.325922575802243,
13,10,FALSE,hit,-0.156850985139993,-0.582332429290973,-0.613521890740023,-0.156850985139993,
13,9,FALSE,hit,-0.0295468507022818,-0.539236582057741,-0.429374152296067,-0.0295468507022818,
13,8,FALSE,hit,0.0522553870258396,-0.499904122722915,-0.301821668264621,0.0522553870258396,
13,7,FALSE,hit,0.116754308595272,-0.446518864255154,-0.166861143523921,0.116754308595272,
13,6,FALSE,hit,0.212777172099293,-0.110593713620489,0.211486224291812,0.212777172099293,
13,5,FALSE,hit,0.172442972318042,-0.178288584122078,0.149121112613483,0.172442972318042,
13,4,FALSE,hit,0.117886693960838,-0.190927021696252,0.0907297830374753,0.117886693960838,
13,3,FALSE,hit,0.0829508208183926,-0.250583657587549,-0.0190661478599222,0.0829508208183926,
13,2,FALSE,hit,0.0470811841417025,-0.276621787025704,-0.0550795593635251,0.0470811841417025,
12,11,FALSE,hit,-0.295506016656728,-0.724508050089446,-0.98479427549195,-0.295506016656728,TRUE
12,10,FALSE,hit,-0.119170135247142,-0.581150752732522,-0.594555578469788,-0.119170135247142,TRUE
12,9,FALSE,hit,-0.0181929619472558,-0.555555555555556,-0.510288065843621,-0.0181929619472558,TRUE
12,8,FALSE,hit,0.089301058699307,-0.495560936238902,-0.301049233252623,0.089301058699307,TRUE
12,7,FALSE,hit,0.174513158848411,-0.482541018090029,-0.218763146823727,0.174513158848411,TRUE
12,6,FALSE,double,0.257071547420965,-0.0748752079866889,0.257071547420965,0.238012422607773,TRUE
12,5,FALSE,hit,0.186255550959328,-0.154963680387409,0.157384987893462,0.186255550959328,TRUE
12,4,FALSE,hit,0.139296620732502,-0.194573972022043,0.066129715981348,0.139296620732502,TRUE
12,3,FALSE,hit,0.119411043936478,-0.225779625779626,0.0598752598752599,0.119411043936478,TRUE
12,2,FALSE,hit,0.082978848706178,-0.320848938826467,-0.102372034956305,0.082978848706178,TRUE
11,11,FALSE,hit,-0.0113911440308672,-0.71849593495935,-0.342987804878049,-0.0113911440308672,
11,10,FALSE,hit,0.198894774931611,-0.584015178465552,0.0569192458199929,0.198894774931611,
11,9,FALSE,hit,0.327120713796443,-0.550710900473934,0.241232227488152,0.327120713796443,
11,8,FALSE,hit,0.399714944999311,-0.491712707182321,0.398710865561694,0.399714944999311,
11,7,FALSE,double,0.478134110787172,-0.485908649173955,0.478134110787172,0.459006631227742,
11,6,FALSE,double,0.710739856801909,-0.0778042959427208,0.710739856801909,0.499033502091386,
11,5,FALSE,double,0.62116991643454,-0.155060352831941,0.62116991643454,0.457365965703759,
11,4,FALSE,double,0.578793774319066,-0.196498054474708,0.578793774319066,0.421616482812288,
11,3,FALSE,double,0.532026768642448,-0.227533460803059,0.532026768642448,0.394462354243816,
11,2,FALSE,double,0.465876777251185,-0.307109004739337,0.465876777251185,0.368919948583951,
9,11,TRUE,hit,-0.377905993281482,-0.713476783691959,-0.913835409588524,-0.377905993281482,
9,10,TRUE,hit,-0.213678534849415,-0.575179562423827,-0.580729135852138,-0.213678534849415,
9,9,TRUE,hit,-0.045447598817277,-0.536747905559787,-0.289223153084539,-0.045447598817277,
9,8,TRUE,hit,0.113561620142807,-0.510107126222636,-0.0109920819748486,0.113561620142807,
9,7,TRUE,hit,0.186386710790162,-0.47496409765438,0.100909526089038,0.186386710790162,
9,6,TRUE,double,0.318993854509075,-0.112286217902911,0.318993854509075,0.222056702934611,
9,5,TRUE,double,0.251206344656251,-0.160288567196981,0.251206344656251,0.190413867462062,
9,4,TRUE,double,0.203338102050548,-0.195517405817835,0.203338102050548,0.155362544758798,
9,3,TRUE,hit,0.119758854516464,-0.242303684758928,0.11802595434309,0.119758854516464,
9,2,TRUE,hit,0.0836507026213194,-0.302467049678946,0.0385265292328489,0.0836507026213194,
8,11,TRUE,hit,-0.472741643074941,-0.717540118954102,-1.19178543373359,-0.472741643074941,FALSE
8,10,TRUE,hit,-0.298063080004593,-0.579175582835905,-0.844971280549611,-0.298063080004593,FALSE
8,9,TRUE,hit,-0.198109994448638,-0.541909457642313,-0.715374271627073,-0.198109994448638,FALSE
8,8,TRUE,hit,-0.0386155204303618,-0.511111111111111,-0.44398507034166,-0.0386155204303618,FALSE
8,7,TRUE,hit,0.111463741953647,-0.478334176361491,-0.180857640645198,0.111463741953647,FALSE
8,6,TRUE,hit,0.159824390073261,-0.108726508828706,0.094475671379095,0.159824390073261,TRUE
8,5,TRUE,hit,0.122158988132592,-0.156899382820905,0.0206103844629409,0.122158988132592,FALSE
8,4,TRUE,hit,0.081180401987509,-0.194261737355409,-0.0554547516443638,0.081180401987509,FALSE
8,3,TRUE,hit,0.0420444285543792,-0.254351809436555,-0.152313330279432,0.0420444285543792,FALSE
8,2,TRUE,hit,0.00583762290961974,-0.265954407815803,-0.176312632120208,0.00583762290961974,FALSE
7,11,TRUE,hit,-0.525301231383486,-0.714419726614849,-1.34615384615385,-0.525301231383486,
7,10,TRUE,hit,-0.362086509592173,-0.572599037080835,-1.02140383478334,-0.362086509592173,
7,9,TRUE,hit,-0.276329438725729,-0.541737302502204,-0.950701837661897,-0.276329438725729,
7,8,TRUE,hit,-0.19247292450622,-0.49842702776638,-0.830529339351662,-0.19247292450622,
7,7,TRUE,hit,-0.0377110800081255,-0.477238134772381,-0.581707485817075,-0.0377110800081255,
7,6,TRUE,hit,0.108835215304653,-0.100543118293814,-0.0741820108623659,0.108835215304653,
7,5,TRUE,hit,0.0554480289203034,-0.146379889033495,-0.167956709363655,0.0554480289203034,
7,4,TRUE,hit,0.00470629600933426,-0.230266739248775,-0.315732172019597,0.00470629600933426,
7,3,TRUE,hit,-0.0424154060969228,-0.245122869464029,-0.359641316996372,-0.0424154060969228,
7,2,TRUE,hit,-0.0772225737995923,-0.292799784061003,-0.441595249342061,-0.0772225737995923,
6,11,TRUE,hit,-0.51238430331275,-0.727134146341463,-1.44664634146341,-0.51238430331275,FALSE
6,10,TRUE,hit,-0.377598723436356,-0.575787130287289,-1.13588466023534,-0.377598723436356,FALSE
6,9,TRUE,hit,-0.28543339456063,-0.562458025520484,-1.10308932169241,-0.28543339456063,FALSE
6,8,TRUE,hit,-0.191237859053241,-0.509275882704967,-0.995126955629649,-0.191237859053241,FALSE
6,7,TRUE,hit,-0.117613559409188,-0.456955865078033,-0.856016110085585,-0.117613559409188,TRUE
6,6,TRUE,hit,0.07979462542844,-0.11399234249913,-0.211451444483119,0.07979462542844,TRUE
6,5,TRUE,hit,0.0318853224521121,-0.13983989098961,-0.26196559359564,0.0318853224521121,TRUE
6,4,TRUE,hit,-0.0186380746292093,-0.197174906522642,-0.374906522642293,-0.0186380746292093,TRUE
6,3,TRUE,hit,-0.0650516975184783,-0.245463065519298,-0.470477975632615,-0.0650516975184783,TRUE
6,2,TRUE,hit,-0.107239603685621,-0.291351065703717,-0.562092654571076,-0.107239603685621,FALSE
5,11,TRUE,hit,-0.497267737953679,-0.696301103179753,-1.39260220635951,-0.497267737953679,
5,10,TRUE,hit,-0.355578579289813,-0.583414161008729,-1.16682832201746,-0.355578579289813,
5,9,TRUE,hit,-0.253292154478819,-0.556111897246109,-1.11222379449222,-0.253292154478819,
5,8,TRUE,hit,-0.170379424834709,-0.518646259969821,-1.03729251993964,-0.170379424834709,
5,7,TRUE,hit,-0.0937464221447819,-0.47757897062072,-0.95515794124144,-0.0937464221447819,
5,6,TRUE,hit,0.092011857622593,-0.10733012306046,-0.21466024612092,0.092011857622593,
5,5,TRUE,hit,0.0439708527581015,-0.152267938338694,-0.304535876677387,0.0439708527581015,
5,4,TRUE,hit,-0.00252548139626735,-0.202271734381826,-0.404543468763652,-0.00252548139626735,
5,3,TRUE,hit,-0.0483320195926716,-0.250580302862827,-0.501160605725655,-0.0483320195926716,
5,2,TRUE,hit,-0.0881054858870726,-0.280871401578304,-0.561742803156608,-0.0881054858870726,
4,11,TRUE,hit,-0.477191321699229,-0.737855178735105,-1.47571035747021,-0.477191321699229,FALSE
4,10,TRUE,hit,-0.330149637300707,-0.569584039149257,-1.13916807829851,-0.330149637300707,FALSE
4,9,TRUE,hit,-0.229787622632381,-0.539918809201624,-1.07983761840325,-0.229787622632381,FALSE
4,8,TRUE,hit,-0.135283656689818,-0.521719923428067,-1.04343984685613,-0.135283656689818,FALSE
4,7,TRUE,hit,-0.0549429353891186,-0.480707148347425,-0.96141429669485,-0.0549429353891186,TRUE
4,6,TRUE,hit,0.104690106680355,-0.0931076178960097,-0.186215235792019,0.104690106680355,TRUE
4,5,TRUE,hit,0.0587968426447309,-0.133648728562981,-0.267297457125961,0.0587968426447309,TRUE
4,4,TRUE,hit,0.0132868248597914,-0.201846153846154,-0.403692307692308,0.0132868248597914,TRUE
4,3,TRUE,hit,-0.0360738126287207,-0.229425695677916,-0.458851391355832,-0.0360738126287207,TRUE
4,2,TRUE,hit,-0.0714898252677445,-0.276056767892568,-0.552113535785137,-0.0714898252677445,TRUE
3,11,TRUE,hit,-0.461054476699467,-0.711872360394181,-1.42374472078836,-0.461054476699467,
3,10,TRUE,hit,-0.30850379474486,-0.568062827225131,-1.13612565445026,-0.30850379474486,
3,9,TRUE,hit,-0.199035892720998,-0.532833020637899,-1.0656660412758,-0.199035892720998,
3,8,TRUE,hit,-0.105518464434853,-0.501831501831502,-1.003663003663,-0.105518464434853,
3,7,TRUE,hit,-0.0163793995047249,-0.436538461538462,-0.873076923076923,-0.0163793995047249,
3,6,TRUE,hit,0.128892985135306,-0.119925338310779,-0.239850676621559,0.128892985135306,
3,5,TRUE,hit,0.081030129612664,-0.136781053649106,-0.273562107298212,0.081030129612664,
3,4,TRUE,hit,0.0264520561759328,-0.221912720519963,-0.443825441039926,0.0264520561759328,
3,3,TRUE,hit,-0.0154802284061285,-0.260556127703399,-0.521112255406797,-0.0154802284061285,
3,2,TRUE,hit,-0.0550845293933416,-0.320667284522706,-0.641334569045412,-0.0550845293933416,
2,11,TRUE,hit,-0.438960006167779,-0.736359246740705,-1.47271849348141,-0.438960006167779,
2,10,TRUE,hit,-0.287279996026647,-0.577708383377372,-1.15541676675474,-0.287279996026647,
2,9,TRUE,hit,-0.180224575517953,-0.549618320610687,-1.09923664122137,-0.180224575517953,
2,8,TRUE,hit,-0.081680503920952,-0.536430317848411,-1.07286063569682,-0.081680503920952,
2,7,TRUE,hit,0.0147970070923973,-0.444168734491315,-0.88833746898263,0.0147970070923973,
2,6,TRUE,hit,0.146881769816355,-0.121810303322099,-0.243620606644198,0.146881769816355,
2,5,TRUE,hit,0.0984474517737907,-0.139009139009139,-0.278018278018278,0.0984474517737907,
2,4,TRUE,hit,0.0498924637001554,-0.20128381476387,-0.40256762952774,0.0498924637001554,
2,3,TRUE,hit,0.0040351807730623,-0.22837528604119,-0.45675057208238,0.0040351807730623,
2,2,TRUE,hit,-0.026283430922858,-0.309838472834068,-0.619676945668135,-0.026283430922858,
